id,conversation_id,created_at,date,time,timezone,user_id,username,name,place,tweet,language,mentions,urls,photos,replies_count,retweets_count,likes_count,hashtags,cashtags,link,retweet,quote_url,video,thumbnail,near,geo,source,user_rt_id,user_rt,retweet_id,reply_to,retweet_date,translate,trans_src,trans_dest
1389818308883480577,1389817917408120837,2021-05-05 11:14:41 IST,2021-05-05,11:14:41,530,1253523421297881090,bishnusantra2,Bishnu Santra,,@BJP4India @JPNadda Women workers in West Bengal are victims of gangrape and we are silent.  So there is no benefit in checking the oxygen label.  We are dead.  üôè  https://t.co/lTWKmukpep,en,[],[],['https://pbs.twimg.com/media/E0mgYauUUAc_LBI.jpg'],0,0,0,[],[],https://twitter.com/BishnuSantra2/status/1389818308883480577,False,,1,https://pbs.twimg.com/media/E0mgYauUUAc_LBI.jpg,Kolkata,,,,,,"[{'screen_name': 'BJP4India', 'name': 'BJP', 'id': '207809313'}, {'screen_name': 'JPNadda', 'name': 'Jagat Prakash Nadda', 'id': '2990611686'}]",,,,
1389818198313234438,1389773046186070022,2021-05-05 11:14:14 IST,2021-05-05,11:14:14,530,4743439158,the_policywonk,Suraj Gupta,,@AbhiBishop @Hemant_Skyward 1. Mumbai declining for more than 2 weeks now.  2. Oxygen prob more of a NCR phenomenon 3. Bed availability will increase 2-3 weeks after peak 4. People whose near and dear ones are dying will keep on circulating these msgs and cannot be fatigued. 5. Hope 1st May is the peak.,en,[],[],[],0,0,0,[],[],https://twitter.com/the_policywonk/status/1389818198313234438,False,,0,,Kolkata,,,,,,"[{'screen_name': 'AbhiBishop', 'name': 'Abhilash Maji', 'id': '1632845694'}, {'screen_name': 'Hemant_Skyward', 'name': 'Hemant Rathi', 'id': '1130567390234910720'}]",,,,
1389817974073151488,1389817974073151488,2021-05-05 11:13:21 IST,2021-05-05,11:13:21,530,115082910,moumit100,Moumita Biswas,,Oxygen bed required. Location : Garia. Saturation: 88 Urgent. Plz help #CovidHelp #KolkataFightsCovid19 #KolkataCovid,en,[],[],[],0,1,0,"['covidhelp', 'kolkatafightscovid19', 'kolkatacovid']",[],https://twitter.com/moumit100/status/1389817974073151488,False,,0,,Kolkata,,,,,,[],,,,
1389817745387175936,1389533293847224325,2021-05-05 11:12:26 IST,2021-05-05,11:12:26,530,589134371,surajitg29,surajit ghosh,,@RahulGandhi @RahulGandhi why you people are not helping Indian people by giving more oxygen sylinder? Is it time for politics.,en,[],[],[],0,0,0,[],[],https://twitter.com/surajitg29/status/1389817745387175936,False,,0,,Kolkata,,,,,,"[{'screen_name': 'RahulGandhi', 'name': 'Rahul Gandhi', 'id': '3171712086'}]",,,,
1389817322383155205,1389817322383155205,2021-05-05 11:10:45 IST,2021-05-05,11:10:45,530,2622164233,abasu28,Arkaprabha Basu,,Units Manufacturing Oxygen Cylinders Shut Due to Oxygen Ban On Industries  https://t.co/XX9fuUiMEi,en,[],['https://www.thequint.com/coronavirus/units-manufacturing-oxygen-cylinders-shut-due-to-oxygen-ban-on-industies'],[],0,0,0,[],[],https://twitter.com/abasu28/status/1389817322383155205,False,,0,,Kolkata,,,,,,[],,,,
1389815167878197253,1389570738957348867,2021-05-05 11:02:12 IST,2021-05-05,11:02:12,530,1371432535,hossainwaqar,WAQAR HOSSAIN,,"@dmuthuk Kerala is the only state where there is oxygen surplus in hospitals. We don't want development at the cost of people's lives. Atleast there is peace in Bengal and the people here are still secular, i have been to UP and the only development i could see was in the terms of Mandirs",en,[],[],[],0,0,0,[],[],https://twitter.com/hossainwaqar/status/1389815167878197253,False,,0,,Kolkata,,,,,,"[{'screen_name': 'dmuthuk', 'name': 'D.Muthukrishnan', 'id': '375369317'}]",,,,
1389813938137690117,1389808463975370752,2021-05-05 10:57:19 IST,2021-05-05,10:57:19,530,3091999380,2492shakti,Shakti GaurüáÆüá≥,,"@amitmalviya Focus on covid era ,hospitals,beds,oxygen.Bengal ko bengal ke log dekh lenge.",en,[],[],[],0,0,0,[],[],https://twitter.com/2492shakti/status/1389813938137690117,False,,0,,Kolkata,,,,,,"[{'screen_name': 'amitmalviya', 'name': 'Amit Malviya', 'id': '95588504'}]",,,,
1389811395496005634,1389542357855576066,2021-05-05 10:47:12 IST,2021-05-05,10:47:12,530,1132272441202319361,abhishe08975655,Oxygen,,"@Rajeev76233092 @RajivPr19731727 @msisodia Cool bhai, tum toh bada wala bhakt nikla. Shaat baalak shaant.  Itna emotional bhakt nahi dekha aajtak. Chal bhai thik hai jo tum bole wo sahi nahi toh kya pata kya karle.  Shaat bhai. Paani piyo",hi,[],[],[],0,0,0,[],[],https://twitter.com/Abhishe08975655/status/1389811395496005634,False,,0,,Kolkata,,,,,,"[{'screen_name': 'Rajeev76233092', 'name': 'Rajeev', 'id': '1354389598948847619'}, {'screen_name': 'RajivPr19731727', 'name': '‡øó RAJIV PRADHAN ‡øó HINDU', 'id': '986543236633116672'}, {'screen_name': 'msisodia', 'name': 'Manish Sisodia', 'id': '30417501'}]",,,,
1389809301485760512,1389809301485760512,2021-05-05 10:38:53 IST,2021-05-05,10:38:53,530,208128234,sreesantanu,SANTANU BANDYOPADHYA,,"Haryana Govt to Roll Out Dedicated Portal for Info on Oxygen, Bed Status Across¬†Districts  https://t.co/kjReLeT7xZ",en,[],['https://khaboreprakash.com/?p=50537'],[],0,0,0,[],[],https://twitter.com/SREESANTANU/status/1389809301485760512,False,,0,,Kolkata,,,,,,[],,,,
1389809199551418371,1389542357855576066,2021-05-05 10:38:29 IST,2021-05-05,10:38:29,530,1132272441202319361,abhishe08975655,Oxygen,,@nightaicrawler @StockSavvy1 @ReheJasmeet @RajivPr19731727 @msisodia Lekin main du hi kyu list????,in,[],[],[],0,0,0,[],[],https://twitter.com/Abhishe08975655/status/1389809199551418371,False,,0,,Kolkata,,,,,,"[{'screen_name': 'nightaicrawler', 'name': 'nytcrawler üáÆüá≥üö©', 'id': '948987204407193600'}, {'screen_name': 'StockSavvy1', 'name': 'StockSavvy', 'id': '1359740344464642050'}, {'screen_name': 'ReheJasmeet', 'name': 'Jasmeet Singh Malhotra', 'id': '1144865362560745473'}, {'screen_name': 'RajivPr19731727', 'name': '‡øó RAJIV PRADHAN ‡øó HINDU', 'id': '986543236633116672'}, {'screen_name': 'msisodia', 'name': 'Manish Sisodia', 'id': '30417501'}]",,,,
1389808754657398786,1389563905333088260,2021-05-05 10:36:43 IST,2021-05-05,10:36:43,530,1256564388334407680,rajibdu56814018,Rajib Dutta,,"@DefenceMinIndia @ndmaindia @DRDO_India We are also oxygen generator imported , open mounted and container form , from 100/lit to 2000lit/min, if required we can give various hospitals, We'll have 30 stations of 10l /min , 3 barg ; 1 stations of 50 l/min, 5 barg at  3 stations of 100 l/min; 2 stations of 200 l/m by the",en,[],[],[],1,0,0,[],[],https://twitter.com/RajibDu56814018/status/1389808754657398786,False,,0,,Kolkata,,,,,,"[{'screen_name': 'DefenceMinIndia', 'name': '‡§∞‡§ï‡•ç‡§∑‡§æ ‡§Æ‡§Ç‡§§‡•ç‡§∞‡•Ä ‡§ï‡§æ‡§∞‡•ç‡§Ø‡§æ‡§≤‡§Ø/ RMO India', 'id': '904959738756177920'}, {'screen_name': 'ndmaindia', 'name': 'NDMA India | ‡§∞‡§æ‡§∑‡•ç‡§ü‡•ç‡§∞‡•Ä‡§Ø ‡§Ü‡§™‡§¶‡§æ ‡§™‡•ç‡§∞‡§¨‡§Ç‡§ß‡§® ‡§™‡•ç‡§∞‡§æ‡§ß‡§ø‡§ï‡§∞‡§£ üáÆüá≥', 'id': '2611134289'}, {'screen_name': 'DRDO_India', 'name': 'DRDO', 'id': '2907739345'}]",,,,
1389808537426006018,1389795456041979905,2021-05-05 10:35:51 IST,2021-05-05,10:35:51,530,1351327474970333187,romi26675290,Oxygen,,@AcharyaPramodk  https://t.co/44FdFGEvlg,und,[],[],['https://pbs.twimg.com/media/E0mXf4qVUAAIOqQ.jpg'],0,0,0,[],[],https://twitter.com/Romi26675290/status/1389808537426006018,False,,1,https://pbs.twimg.com/media/E0mXf4qVUAAIOqQ.jpg,Kolkata,,,,,,[],,,,
1389807778651197445,1389795456041979905,2021-05-05 10:32:50 IST,2021-05-05,10:32:50,530,1351327474970333187,romi26675290,Oxygen,,"@AcharyaPramodk ‡§®‡•Ä‡§ï‡§ø‡§§‡§æ, ‡§∏‡•Å‡§ó‡§®‡•ç‡§ß‡§æ ‡§ï‡•ç‡§Ø‡§æ ‡§∞‡§æ‡§π‡•Å‡§≤ ‡§ï‡•Ä ‡§¨‡§π‡§® ‡§®‡§π‡•Ä‡§Ç ‡§•‡•Äüò°",hi,[],[],[],0,0,0,[],[],https://twitter.com/Romi26675290/status/1389807778651197445,False,,0,,Kolkata,,,,,,"[{'screen_name': 'AcharyaPramodk', 'name': 'Acharya Pramod', 'id': '2583217418'}]",,,,
1389807305596674048,1389805195723304961,2021-05-05 10:30:57 IST,2021-05-05,10:30:57,530,1351327474970333187,romi26675290,Oxygen,,@ashutosh83B  https://t.co/OtQh7ObXba,und,[],[],['https://pbs.twimg.com/media/E0mWWvFVoAI6GUU.jpg'],0,0,1,[],[],https://twitter.com/Romi26675290/status/1389807305596674048,False,,1,https://pbs.twimg.com/media/E0mWWvFVoAI6GUU.jpg,Kolkata,,,,,,[],,,,
1389807025744347143,1389807025744347143,2021-05-05 10:29:50 IST,2021-05-05,10:29:50,530,1389752569682038786,fatemakhatoon11,Fatema Khatoon,,"@SoodFoundation @SonuSood sir my cousion not getting bed and ventilator in hospital plz sir help us.  Patient name :- Md. Zulfikar  Age:- 44yrs Address:- Gandhi nagar idia bollaram , Hyderabad  Reason :- Covid  Need:- Bed and ventilator ,oxygen .",en,"[{'screen_name': 'sonusood', 'name': 'sonu sood', 'id': '295026890'}]",[],[],3,0,0,[],[],https://twitter.com/FatemaKhatoon11/status/1389807025744347143,False,,0,,Kolkata,,,,,,[],,,,
1389807019700363264,1389805195723304961,2021-05-05 10:29:49 IST,2021-05-05,10:29:49,530,1351327474970333187,romi26675290,Oxygen,,@ashutosh83B ‡§Ø‡•á üëá‡§Ü‡§™‡§∏‡•á 20 ‡§π‡•Ä ‡§π‡•à  https://t.co/3SAL35OpG0,hi,[],[],['https://pbs.twimg.com/media/E0mWHhBVgAAw1Su.jpg'],0,0,1,[],[],https://twitter.com/Romi26675290/status/1389807019700363264,False,,1,https://pbs.twimg.com/media/E0mWHhBVgAAw1Su.jpg,Kolkata,,,,,,"[{'screen_name': 'ashutosh83B', 'name': 'ashutosh', 'id': '78259714'}]",,,,
1389806807837597699,1389542357855576066,2021-05-05 10:28:59 IST,2021-05-05,10:28:59,530,1132272441202319361,abhishe08975655,Oxygen,,@rahulj45 @RajivPr19731727 @msisodia Wo toh har doosre din fatkaar lagata hai Delhi govt ko and central ko.  Central ko fatkaar wala news skip kar dete hoge,hi,[],[],[],0,0,0,[],[],https://twitter.com/Abhishe08975655/status/1389806807837597699,False,,0,,Kolkata,,,,,,"[{'screen_name': 'rahulj45', 'name': 'Rahul', 'id': '1019850324'}, {'screen_name': 'RajivPr19731727', 'name': '‡øó RAJIV PRADHAN ‡øó HINDU', 'id': '986543236633116672'}, {'screen_name': 'msisodia', 'name': 'Manish Sisodia', 'id': '30417501'}]",,,,
1389806632272420869,1389542357855576066,2021-05-05 10:28:17 IST,2021-05-05,10:28:17,530,1132272441202319361,abhishe08975655,Oxygen,,"@rahulj45 @RajivPr19731727 @msisodia Haha. Toh courts jhoot bol rahe hai???? Bas ye bata de. Bas boldo courts ko nahi pata kuch, tumhe sab pata hai.  Bas itna boldo, fir aage discussion ka kaam hi nahi hai",tl,[],[],[],0,0,0,[],[],https://twitter.com/Abhishe08975655/status/1389806632272420869,False,,0,,Kolkata,,,,,,"[{'screen_name': 'rahulj45', 'name': 'Rahul', 'id': '1019850324'}, {'screen_name': 'RajivPr19731727', 'name': '‡øó RAJIV PRADHAN ‡øó HINDU', 'id': '986543236633116672'}, {'screen_name': 'msisodia', 'name': 'Manish Sisodia', 'id': '30417501'}]",,,,
1389806605965869056,1389806605965869056,2021-05-05 10:28:10 IST,2021-05-05,10:28:10,530,1307008978807713792,newsredwing,Redwing News,,"Its tankers unfit for ‚ÄòOxygen Express‚Äô, Punjab takes road route to transport¬†O2  https://t.co/FofObrGm4V",en,[],['https://redwingnews.com/its-tankers-unfit-for-oxygen-express-punjab-takes-road-route-to-transport-o2/'],[],0,0,0,[],[],https://twitter.com/NewsRedwing/status/1389806605965869056,False,,0,,Kolkata,,,,,,[],,,,
1389806420086845441,1389806420086845441,2021-05-05 10:27:26 IST,2021-05-05,10:27:26,530,208128234,sreesantanu,SANTANU BANDYOPADHYA,,"Oxygen Black Marketing: ‡¶Ö‡¶ï‡ßç‡¶∏‡¶ø‡¶ú‡ßá‡¶® ‡¶∏‡¶ø‡¶≤‡¶ø‡¶®‡ßç‡¶°‡¶æ‡¶∞‡ßá‡¶∞ ‚Äò‡¶ï‡¶æ‡¶≤‡ßã‡¶¨‡¶æ‡¶ú‡¶æ‡¶∞‡¶ø‚Äô, ‡¶ó‡ßç‡¶∞‡ßá‡¶´‡¶§‡¶æ‡¶∞ ‡¶â‡¶§‡ßç‡¶§‡¶∞‡¶™‡¶æ‡¶°‡¶º‡¶æ‡¶∞¬†‡¶¨‡ßç‡¶Ø‡¶¨‡¶∏‡¶æ‡¶Ø‡¶º‡ßÄ  https://t.co/TlMbaDQmJy",bn,[],['https://khaboreprakash.com/?p=50533'],[],0,0,0,[],[],https://twitter.com/SREESANTANU/status/1389806420086845441,False,,0,,Kolkata,,,,,,[],,,,
1389806130038145028,1389804807297257473,2021-05-05 10:26:17 IST,2021-05-05,10:26:17,530,1351327474970333187,romi26675290,Oxygen,,@ashutosh83B ‡§ï‡•ç‡§Ø‡•ã‡§Ç ‡§¨‡§Ç‡§ó‡§æ‡§≤ ‡§ï‡•á ‡§≤‡•ã‡§ó‡•ã‡§Ç ‡§ï‡•Ä ‡§ú‡§æ‡§® ‡§ï‡•Ä ‡§ï‡•Ä‡§Æ‡§§ ‡§®‡§π‡•Ä‡§Ç ‡§π‡•à üò°,hi,[],[],[],1,0,2,[],[],https://twitter.com/Romi26675290/status/1389806130038145028,False,,0,,Kolkata,,,,,,"[{'screen_name': 'ashutosh83B', 'name': 'ashutosh', 'id': '78259714'}]",,,,
1389805524225429509,1389778305776164864,2021-05-05 10:23:52 IST,2021-05-05,10:23:52,530,1351327474970333187,romi26675290,Oxygen,,@AAPUttarPradesh @SanjayAzadSln ‡§¨‡§Ç‡§ó‡§æ‡§≤ ‡§∏‡•á ‡§∏‡§¨‡§ï ‡§®‡§π‡•Ä‡§Ç ‡§≤‡§ø‡§Ø‡§æ ‡§§‡•ã ‡§ï‡•ç‡§Ø‡§æ ‡§ï‡§ø‡§Ø‡§æ ‡§ú‡§æ ‡§∏‡§ï‡§§‡§æ ‡§π‡•à,hi,[],[],[],0,0,0,[],[],https://twitter.com/Romi26675290/status/1389805524225429509,False,,0,,Kolkata,,,,,,"[{'screen_name': 'AAPUttarPradesh', 'name': 'Aam Aadmi Party- Uttar Pradesh', 'id': '1101744014'}, {'screen_name': 'SanjayAzadSln', 'name': 'Sanjay Singh AAP', 'id': '328941811'}]",,,,
1389804783196729345,1389799928612888578,2021-05-05 10:20:56 IST,2021-05-05,10:20:56,530,1351327474970333187,romi26675290,Oxygen,,@advvikassinghy1 @Dr_Uditraj @INCIndia ‡§ú‡•ã ‡§µ‡•Ä‡§°‡§ø‡§Ø‡•ã ‡§¨‡§®‡§æ ‡§∞‡§π‡§æ ‡§π‡•à ‡§â‡§∏‡•á ‡§ï‡•ç‡§Ø‡§æ ‡§ï‡§π‡§æ ‡§ú‡§æ‡§è? ‡§â‡§∏‡•á ‡§§‡•Å‡§∞‡§Ç‡§§ ‡§Æ‡§¶‡§¶‡•ç ‡§ï‡•á ‡§≤‡§ø‡§è ‡§π‡§æ‡§• ‡§¨‡§¢‡§º‡§æ‡§®‡•á ‡§ï‡•Ä ‡§Ü‡§µ‡§∂‡•ç‡§Ø‡§ï‡§§‡§æ ‡§•‡•Ä ‡•§ ‡§∏‡§π‡•Ä ‡§Æ‡•á‡§Ç ‡§á‡§Ç‡§∏‡§æ‡§®‡§ø‡§Ø‡§§ ‡§Æ‡§∞ ‡§ö‡•Å‡§ï‡§æ ‡§π‡•à üò°,hi,[],[],[],0,0,0,[],[],https://twitter.com/Romi26675290/status/1389804783196729345,False,,0,,Kolkata,,,,,,"[{'screen_name': 'advvikassinghy1', 'name': 'adv vikas singh yadav', 'id': '1108734149144109056'}, {'screen_name': 'Dr_Uditraj', 'name': 'Dr. Udit Raj', 'id': '397566887'}, {'screen_name': 'INCIndia', 'name': 'Congress', 'id': '1153045459'}]",,,,
1389804540069695488,1389533293847224325,2021-05-05 10:19:58 IST,2021-05-05,10:19:58,530,893493563131965441,gwalv,Gwal Das Vyas,,@RahulGandhi How much amount donate for vacation and  oxygen cylinder or help to poor families in india,en,[],[],[],0,0,0,[],[],https://twitter.com/GwalV/status/1389804540069695488,False,,0,,Kolkata,,,,,,"[{'screen_name': 'RahulGandhi', 'name': 'Rahul Gandhi', 'id': '3171712086'}]",,,,
1389804371404226560,1389804371404226560,2021-05-05 10:19:18 IST,2021-05-05,10:19:18,530,26455439,knowedge,Vijay Chowdhary,,1. No stockpiling of key medicine 2. Shelved/delayed plans to set up Oxygen unit 3. Closing of isolation centres 4. 0.3% Genome sequencing 5. Mobilising Massive rallies and Kumbh 6. Abysmally low vaccine orders  A few ways how our govt failed us.  #govtfailed #COVIDSecondWave,en,[],[],[],0,0,0,"['govtfailed', 'covidsecondwave']",[],https://twitter.com/Knowedge/status/1389804371404226560,False,,0,,Kolkata,,,,,,[],,,,
1389804091421822976,1389799928612888578,2021-05-05 10:18:11 IST,2021-05-05,10:18:11,530,1351327474970333187,romi26675290,Oxygen,,"@Dr_Uditraj @INCIndia ‡§™‡•Å‡§ú‡§æ‡§∞‡•Ä ‡§®‡§π‡•Ä‡§Ç ""‡§°‡•ã‡§Æ"" ‡§¶‡§≤‡§ø‡§§‡•ã‡§Ç ‡§∏‡•á ‡§á‡§§‡§®‡•Ä ‡§à‡§∞‡•ç‡§∑‡§æ ‡§ï‡•ç‡§Ø‡•Ç?",hi,[],[],[],0,0,1,[],[],https://twitter.com/Romi26675290/status/1389804091421822976,False,,0,,Kolkata,,,,,,"[{'screen_name': 'Dr_Uditraj', 'name': 'Dr. Udit Raj', 'id': '397566887'}, {'screen_name': 'INCIndia', 'name': 'Congress', 'id': '1153045459'}]",,,,
1389803404067672072,1388447534188843011,2021-05-05 10:15:27 IST,2021-05-05,10:15:27,530,1324388762655232000,sohamba89698452,Soham Banerjee,,@AhmedShakeel88 @dhruv_rathee I know u re trying to sound sensible but the duty of oxygen allocation is under the central government  Yes I cnt tell that state government is 100% innocent but the responsibility of oxygen allocation to different states is under central government only,en,[],[],[],0,0,1,[],[],https://twitter.com/SohamBa89698452/status/1389803404067672072,False,,0,,Kolkata,,,,,,"[{'screen_name': 'AhmedShakeel88', 'name': 'Shakeel Ahmed', 'id': '1942454485'}, {'screen_name': 'dhruv_rathee', 'name': 'Dhruv Rathee üáÆüá≥', 'id': '730520573701443584'}]",,,,
1389803382097862659,1389796309834485760,2021-05-05 10:15:22 IST,2021-05-05,10:15:22,530,1351327474970333187,romi26675290,Oxygen,,@Dr_Uditraj @INCIndia üßêüê∑  https://t.co/X3iXuO8LZm,und,[],[],['https://pbs.twimg.com/media/E0mSyoCVkAcAQyz.jpg'],0,0,1,[],[],https://twitter.com/Romi26675290/status/1389803382097862659,False,,1,https://pbs.twimg.com/media/E0mSyoCVkAcAQyz.jpg,Kolkata,,,,,,"[{'screen_name': 'Dr_Uditraj', 'name': 'Dr. Udit Raj', 'id': '397566887'}, {'screen_name': 'INCIndia', 'name': 'Congress', 'id': '1153045459'}]",,,,
1389803209170952198,1389803209170952198,2021-05-05 10:14:41 IST,2021-05-05,10:14:41,530,756784972304756736,ad1india,Atanu Das,,Congress-left sponsored journalists liek @sharmasupriya are busy spreading hysteria and misinformation . 1. Oxygen generations are up and running. 400 MT supplied to Delhi  2. Central Vista is a mere Rs 3000 crore project spread over many years. Not given priority nw.,en,"[{'screen_name': 'sharmasupriya', 'name': 'supriya sharma', 'id': '68914690'}]",[],[],1,0,0,[],[],https://twitter.com/AD1India/status/1389803209170952198,False,https://twitter.com/sharmasupriya/status/1389793552100511744,0,,Kolkata,,,,,,[],,,,
1389801982169255936,1389542357855576066,2021-05-05 10:09:48 IST,2021-05-05,10:09:48,530,1132272441202319361,abhishe08975655,Oxygen,,@rahulj45 @RajivPr19731727 @msisodia Abhi toh tanks bhi hai. Fir bhi centre nahi de raha. Fir kya bolte ho????,hi,[],[],[],1,0,0,[],[],https://twitter.com/Abhishe08975655/status/1389801982169255936,False,,0,,Kolkata,,,,,,"[{'screen_name': 'rahulj45', 'name': 'Rahul', 'id': '1019850324'}, {'screen_name': 'RajivPr19731727', 'name': '‡øó RAJIV PRADHAN ‡øó HINDU', 'id': '986543236633116672'}, {'screen_name': 'msisodia', 'name': 'Manish Sisodia', 'id': '30417501'}]",,,,
1389801780091899904,1389542357855576066,2021-05-05 10:09:00 IST,2021-05-05,10:09:00,530,1132272441202319361,abhishe08975655,Oxygen,,"@Rajeev76233092 @rahulj45 @RajivPr19731727 @msisodia Bhai, tum logo ko aise hi andh bhakt nahi bolte. Kyunki tum log pyaar mein andhe ho jaate ho.waise bhi jo bhi proof de du main. Tum log manoge nahi.  Jaise, court ne kaha centre ko plants install karne kyunki state nahi kar raha tha. Hilarious ü§£  Isliye, why to waste my time",hi,[],[],[],0,0,0,[],[],https://twitter.com/Abhishe08975655/status/1389801780091899904,False,,0,,Kolkata,,,,,,"[{'screen_name': 'Rajeev76233092', 'name': 'Rajeev', 'id': '1354389598948847619'}, {'screen_name': 'rahulj45', 'name': 'Rahul', 'id': '1019850324'}, {'screen_name': 'RajivPr19731727', 'name': '‡øó RAJIV PRADHAN ‡øó HINDU', 'id': '986543236633116672'}, {'screen_name': 'msisodia', 'name': 'Manish Sisodia', 'id': '30417501'}]",,,,
1389800738440630277,1389542357855576066,2021-05-05 10:04:51 IST,2021-05-05,10:04:51,530,1132272441202319361,abhishe08975655,Oxygen,,@nightaicrawler @StockSavvy1 @ReheJasmeet @RajivPr19731727 @msisodia 500 kuch hai bro,hi,[],[],[],2,0,0,[],[],https://twitter.com/Abhishe08975655/status/1389800738440630277,False,,0,,Kolkata,,,,,,"[{'screen_name': 'nightaicrawler', 'name': 'nytcrawler üáÆüá≥üö©', 'id': '948987204407193600'}, {'screen_name': 'StockSavvy1', 'name': 'StockSavvy', 'id': '1359740344464642050'}, {'screen_name': 'ReheJasmeet', 'name': 'Jasmeet Singh Malhotra', 'id': '1144865362560745473'}, {'screen_name': 'RajivPr19731727', 'name': '‡øó RAJIV PRADHAN ‡øó HINDU', 'id': '986543236633116672'}, {'screen_name': 'msisodia', 'name': 'Manish Sisodia', 'id': '30417501'}]",,,,
1389800029842415622,1389794493772140546,2021-05-05 10:02:03 IST,2021-05-05,10:02:03,530,125750578,shroffrohan,Rrohan Shroff,,"@Mohansinha Though i understand the backlash against central govt, but do states have some responsibility? Or they are the entitled ones! Many have received approval &amp; funds for oxygen plants but didn't do anything to install them. Many have recd ventilators &amp; they are rotting in warehouses",en,[],[],[],0,0,0,[],[],https://twitter.com/shroffrohan/status/1389800029842415622,False,,0,,Kolkata,,,,,,"[{'screen_name': 'Mohansinha', 'name': 'Mohan Sinha üáÆüá≥', 'id': '17774532'}]",,,,
1389799691336830979,1389542357855576066,2021-05-05 10:00:42 IST,2021-05-05,10:00:42,530,1132272441202319361,abhishe08975655,Oxygen,,"@rahulj45 @RajivPr19731727 @msisodia Bhai, tum logo ko andh bhakt aise hi nahi kaha jata. Tum log pyaar mein andhe ho gaye ho.  Facts nahi padh paate. Waise bhi office time hai. Kyu faltu apna time tum jaise ho proof dikha ke waste karu.  Khush rahi apne bhakti mein",hi,[],[],[],1,0,0,[],[],https://twitter.com/Abhishe08975655/status/1389799691336830979,False,,0,,Kolkata,,,,,,"[{'screen_name': 'rahulj45', 'name': 'Rahul', 'id': '1019850324'}, {'screen_name': 'RajivPr19731727', 'name': '‡øó RAJIV PRADHAN ‡øó HINDU', 'id': '986543236633116672'}, {'screen_name': 'msisodia', 'name': 'Manish Sisodia', 'id': '30417501'}]",,,,
1389799180957151233,1389542357855576066,2021-05-05 09:58:40 IST,2021-05-05,09:58:40,530,1132272441202319361,abhishe08975655,Oxygen,,@13prashant87 @StockSavvy1 @ReheJasmeet @RajivPr19731727 @msisodia Aaj bulaya hai centre ko for shoe cause. Dekhte hai kya hota hai,hi,[],[],[],0,0,0,[],[],https://twitter.com/Abhishe08975655/status/1389799180957151233,False,,0,,Kolkata,,,,,,"[{'screen_name': '13prashant87', 'name': '‡§™‡•ç‡§∞‡§∂‡§æ‡§®‡•ç‡§§', 'id': '1857458598'}, {'screen_name': 'StockSavvy1', 'name': 'StockSavvy', 'id': '1359740344464642050'}, {'screen_name': 'ReheJasmeet', 'name': 'Jasmeet Singh Malhotra', 'id': '1144865362560745473'}, {'screen_name': 'RajivPr19731727', 'name': '‡øó RAJIV PRADHAN ‡øó HINDU', 'id': '986543236633116672'}, {'screen_name': 'msisodia', 'name': 'Manish Sisodia', 'id': '30417501'}]",,,,
1389798899540402182,1389781208087764993,2021-05-05 09:57:33 IST,2021-05-05,09:57:33,530,123865240,satadru2010,Satadru Ghosal,,@Kalamian_muse All rich industrialists are helping indian government..be it oxygen or something else...what are you doing?... playing twitter twitter,en,[],[],[],0,0,0,[],[],https://twitter.com/satadru2010/status/1389798899540402182,False,,0,,Kolkata,,,,,,"[{'screen_name': 'Kalamian_muse', 'name': 'The (Lone) Ranger', 'id': '1066181728761507840'}]",,,,
1389798702726983682,1389617665807769600,2021-05-05 09:56:46 IST,2021-05-05,09:56:46,530,136376784,mizanur_rahman1,logical Indian,,"@TimesNow @himantabiswa Indeed it's a sad development but you boot lickers no other incident looks sad to you, the dying health care, shortage of oxygen, black marketing of life saving drugs ill management of pandemic, how low can journalism go for money",en,[],[],[],0,0,0,[],[],https://twitter.com/mizanur_rahman1/status/1389798702726983682,False,,0,,Kolkata,,,,,,"[{'screen_name': 'TimesNow', 'name': 'TIMES NOW', 'id': '240649814'}, {'screen_name': 'himantabiswa', 'name': 'Himanta Biswa Sarma', 'id': '131188226'}]",,,,
1389798565225009152,1389542357855576066,2021-05-05 09:56:13 IST,2021-05-05,09:56:13,530,1132272441202319361,abhishe08975655,Oxygen,,@nightaicrawler @StockSavvy1 @ReheJasmeet @RajivPr19731727 @msisodia Bahut se bane hue hai.,hi,[],[],[],1,0,0,[],[],https://twitter.com/Abhishe08975655/status/1389798565225009152,False,,0,,Kolkata,,,,,,"[{'screen_name': 'nightaicrawler', 'name': 'nytcrawler üáÆüá≥üö©', 'id': '948987204407193600'}, {'screen_name': 'StockSavvy1', 'name': 'StockSavvy', 'id': '1359740344464642050'}, {'screen_name': 'ReheJasmeet', 'name': 'Jasmeet Singh Malhotra', 'id': '1144865362560745473'}, {'screen_name': 'RajivPr19731727', 'name': '‡øó RAJIV PRADHAN ‡øó HINDU', 'id': '986543236633116672'}, {'screen_name': 'msisodia', 'name': 'Manish Sisodia', 'id': '30417501'}]",,,,
1389797006130909184,1389797006130909184,2021-05-05 09:50:02 IST,2021-05-05,09:50:02,530,258263465,bikuengr,Bikash #DheetSidNaazShipper,,#COVIDEmergencyIndia  #COVIDEmergency2021  #COVIDEmergency  #CovidHelp   Oxygen cylinder available in #Faridabad Contact- 9716632401 Verified by source at 12.00 AM on 5 May  #OxygenCylinders #Delhi #DelhiNCR #CovidHelp #CovidResources #Covid19IndiaHelp #CovidHelp #Oxygen,en,[],[],[],0,5,3,"['covidemergencyindia', 'covidemergency2021', 'covidemergency', 'covidhelp', 'faridabad', 'oxygencylinders', 'delhi', 'delhincr', 'covidhelp', 'covidresources', 'covid19indiahelp', 'covidhelp', 'oxygen']",[],https://twitter.com/Bikuengr/status/1389797006130909184,False,,0,,Kolkata,,,,,,[],,,,
1389797000141426690,1389797000141426690,2021-05-05 09:50:00 IST,2021-05-05,09:50:00,530,1097832920239169536,gautamspeaks94,Gautam Chowdhury,,Allahabad HC says: A man dying due to shortage of supply of oxygen to hospital is criminal and nothing less than #GENOCIDE  This comes after Delhi HC categorically blamed the Center for the oxygen carnage in Delhi and accused it of ‚Äòbehaving like an Ostrich‚Äô,en,[],[],[],0,0,0,['genocide'],[],https://twitter.com/GautamSpeaks94/status/1389797000141426690,False,,0,,Kolkata,,,,,,[],,,,
1389796852808265730,1389796852808265730,2021-05-05 09:49:25 IST,2021-05-05,09:49:25,530,3106609956,news18bengali,News18Bangla,,‡¶∏‡ßã‡¶®‡ßÅ (Sonu Sood) ‡¶ì ‡¶§‡¶æ‡¶Å‡¶∞ ‡¶ü‡¶ø‡¶Æ ‡¶™‡ßç‡¶∞‡¶æ‡¶Ø‡¶º ‡ß®‡ß® ‡¶ú‡¶® ‡¶ï‡¶∞‡ßã‡¶®‡¶æ ‡¶∞‡ßã‡¶ó‡ßÄ‡¶∞ ‡¶™‡ßç‡¶∞‡¶æ‡¶£ ‡¶¨‡¶æ‡¶Å‡¶ö‡¶æ‡¶≤‡ßá‡¶® ‡•§ ‡¶¨‡ßç‡¶Ø‡¶æ‡¶ô‡ßç‡¶ó‡¶æ‡¶≤‡ßÅ‡¶∞‡ßÅ‡¶∞ ‡¶Ü‡¶∞‡¶æ‡¶ï ‡¶π‡¶æ‡¶∏‡¶™‡¶æ‡¶§‡¶æ‡¶≤‡ßá ‡¶™‡¶æ‡¶†‡¶æ‡¶≤‡ßá‡¶® ‡ßß‡ß´ ‡¶∏‡¶ø‡¶≤‡¶ø‡¶®‡ßç‡¶°‡¶æ‡¶∞ ‡¶Ö‡¶ï‡ßç‡¶∏‡¶ø‡¶ú‡ßá‡¶® ‡•§ #SonuSood #Bengaluru #Oxygen   https://t.co/hDdKzIiA2j,bn,[],['https://bengali.news18.com/news/coronavirus-latest-news/sonu-sood-team-save-lives-of-22-covid-patients-at-bengaluru-hospital-sr-593396.html'],[],1,0,6,"['sonusood', 'bengaluru', 'oxygen']",[],https://twitter.com/News18Bengali/status/1389796852808265730,False,,0,,Kolkata,,,,,,[],,,,
1389796483793182720,1389542357855576066,2021-05-05 09:47:57 IST,2021-05-05,09:47:57,530,1132272441202319361,abhishe08975655,Oxygen,,@nightaicrawler @StockSavvy1 @ReheJasmeet @RajivPr19731727 @msisodia This is fake tooo üòÉ,en,[],[],[],1,0,0,[],[],https://twitter.com/Abhishe08975655/status/1389796483793182720,False,,0,,Kolkata,,,,,,"[{'screen_name': 'nightaicrawler', 'name': 'nytcrawler üáÆüá≥üö©', 'id': '948987204407193600'}, {'screen_name': 'StockSavvy1', 'name': 'StockSavvy', 'id': '1359740344464642050'}, {'screen_name': 'ReheJasmeet', 'name': 'Jasmeet Singh Malhotra', 'id': '1144865362560745473'}, {'screen_name': 'RajivPr19731727', 'name': '‡øó RAJIV PRADHAN ‡øó HINDU', 'id': '986543236633116672'}, {'screen_name': 'msisodia', 'name': 'Manish Sisodia', 'id': '30417501'}]",,,,
1389795740218691588,1389795740218691588,2021-05-05 09:45:00 IST,2021-05-05,09:45:00,530,141080858,ttindia,The Telegraph,,"When the ‚ÄúSultan‚Äù should have built hospitals and ensured oxygen supply for Covid patients, he is building a palace for himself, Congress said as it questioned once again the thousands of crores of rupees being spent on Modi‚Äôs Central Vista project.   https://t.co/ontMb6mhOF",en,[],['https://www.telegraphindia.com/india/congress-slams-narendra-modis-obsession-with-central-vista-project/cid/1814535?utm_source=twitter&utm_medium=social&utm_campaign=tt_daily_twit'],[],17,102,264,[],[],https://twitter.com/ttindia/status/1389795740218691588,False,,0,,Kolkata,,,,,,[],,,,
1389795623789109250,1389795623789109250,2021-05-05 09:44:32 IST,2021-05-05,09:44:32,530,892100438027272195,24x7newsbengal1,24x7newsbengal,,"Death of COVID-19 patients due to oxygen shortage a ‚Äòcriminal act, not less than genocide‚Äô: Allahabad¬†HC  https://t.co/X6cYfRo7w7",en,[],['https://24x7newsbengal.com/death-of-covid-19-patients-due-to-oxygen-shortage-a-prison-act-not-less-than-genocide-allahabad-hc/'],[],0,0,0,[],[],https://twitter.com/24x7newsbengal1/status/1389795623789109250,False,,0,,Kolkata,,,,,,[],,,,
1389794866964488193,1389794866964488193,2021-05-05 09:41:32 IST,2021-05-05,09:41:32,530,831199023293931525,ray_ramendra,Ramendra Nath Ray,,"It's An Excellent Order.  It Government Unable To Perform Must Resign Immediately,If Not Resign President Rule Must Impose Thereat Invoking 355 /356 Of The Constitution Immediately.  Covid Patients' Deaths Over Oxygen Supply ""Not Less Than Genocide"": Court  https://t.co/IxDwRBFM6f",en,[],['https://www.ndtv.com/india-news/death-of-covid-patients-due-to-no-supply-of-oxygen-not-less-than-genocide-allahabad-high-court-2428100'],[],0,0,0,[],[],https://twitter.com/ray_ramendra/status/1389794866964488193,False,,0,,Kolkata,,,,,,[],,,,
1389794852922003456,1389662703501725698,2021-05-05 09:41:28 IST,2021-05-05,09:41:28,530,913014806164119553,dipanka09948257,Dipankar Paul üáÆüá≥,,@SonuSood Oxygen se Jada danger hai #BengalViolence,da,[],[],[],0,0,0,['bengalviolence'],[],https://twitter.com/Dipanka09948257/status/1389794852922003456,False,,0,,Kolkata,,,,,,"[{'screen_name': 'SonuSood', 'name': 'sonu sood', 'id': '295026890'}]",,,,
1389794373563338752,1389794373563338752,2021-05-05 09:39:34 IST,2021-05-05,09:39:34,530,4808470694,coalindiahq,Coal India Limited,,Western Coalfields Ltd. has extended a financial support of ‚Çπ 15.38 crores in a #CSR initiative to fund oxygen plants in Nagpur &amp; Chandrapur in Maharastra to help fight #COVID19. Oxygen is crucial in treatment for many patients with COVID-19.  https://t.co/2NjlJtyGk6,en,[],[],['https://pbs.twimg.com/media/E0mJ7U7UUAAigig.jpg'],2,2,11,"['csr', 'covid19']",[],https://twitter.com/CoalIndiaHQ/status/1389794373563338752,False,,1,https://pbs.twimg.com/media/E0mJ7U7UUAAigig.jpg,Kolkata,,,,,,[],,,,
1389794018729467905,1389794018729467905,2021-05-05 09:38:09 IST,2021-05-05,09:38:09,530,258263465,bikuengr,Bikash #DheetSidNaazShipper,,#COVIDEmergencyIndia  #COVIDEmergency  #CovidHelp   Prem Dharam Hospital at Vasundhara #Ghaziabad have confirmed availability of beds and oxygen.  #Verified by a source... 01204127778  #UttarPradesh #BedsAvailable #Beds #Covid19IndiaHelp #CovidResources  #OxygenBeds #DelhiNCR,en,[],[],[],0,6,2,"['covidemergencyindia', 'covidemergency', 'covidhelp', 'ghaziabad', 'verified', 'uttarpradesh', 'bedsavailable', 'beds', 'covid19indiahelp', 'covidresources', 'oxygenbeds', 'delhincr']",[],https://twitter.com/Bikuengr/status/1389794018729467905,False,,0,,Kolkata,,,,,,[],,,,
1389793636632522758,1389793636632522758,2021-05-05 09:36:38 IST,2021-05-05,09:36:38,530,258263465,bikuengr,Bikash #DheetSidNaazShipper,,"#COVIDEmergencyIndia  #COVIDEmergency2021  #COVIDEmergency  #CovidHelp   Free #OxygenRefill in #Delhi will be available from 11AM, 5May  #Oxygen #delhicovidhelp #DelhiFightsCorona #DelhiNCR  #Covid19IndiaHelp   https://t.co/wxyIdsOZCf",en,[],[],['https://pbs.twimg.com/media/E0lxm8UVEAIbaXi.jpg'],0,6,1,"['covidemergencyindia', 'covidemergency2021', 'covidemergency', 'covidhelp', 'oxygenrefill', 'delhi', 'oxygen', 'delhicovidhelp', 'delhifightscorona', 'delhincr', 'covid19indiahelp']",[],https://twitter.com/Bikuengr/status/1389793636632522758,False,,1,https://pbs.twimg.com/media/E0lxm8UVEAIbaXi.jpg,Kolkata,,,,,,[],,,,
1389793379634929664,1389793379634929664,2021-05-05 09:35:37 IST,2021-05-05,09:35:37,530,510553586,ramendranathray,Ramendra Nath Ray,,"It's An Excellent Order.  It Government Unable To Perform Must Resign Immediately,If Not Resign President Rule Must Impose Thereat Invoking 355 /356 Of The Constitution Immediately.  Covid Patients' Deaths Over Oxygen Supply ""Not Less Than Genocide"": Court  https://t.co/Bu25gSaY1D",en,[],['https://www.ndtv.com/india-news/death-of-covid-patients-due-to-no-supply-of-oxygen-not-less-than-genocide-allahabad-high-court-2428100'],[],0,0,0,[],[],https://twitter.com/RamendraNathRay/status/1389793379634929664,False,,0,,Kolkata,,,,,,[],,,,
1389793162483277825,1389793162483277825,2021-05-05 09:34:45 IST,2021-05-05,09:34:45,530,258263465,bikuengr,Bikash #DheetSidNaazShipper,,"#COVIDEmergencyIndia   Sparsh hospital, #Ranchi  Beds available with oxygen  9934014233  #OxygenBeds #Jharkhand #Beds #BedsAvailable #BedsAvailability #CovidHelp #Covid19IndiaHelp #CovidResources",en,[],[],[],0,6,1,"['covidemergencyindia', 'ranchi', 'oxygenbeds', 'jharkhand', 'beds', 'bedsavailable', 'bedsavailability', 'covidhelp', 'covid19indiahelp', 'covidresources']",[],https://twitter.com/Bikuengr/status/1389793162483277825,False,,0,,Kolkata,,,,,,[],,,,
1389792867636236295,1389792867636236295,2021-05-05 09:33:35 IST,2021-05-05,09:33:35,530,456497760,pankajkumargar1,pankaj kumar garg,,@ShekharGupta @ndtvindia  sir..I do not understand how supplying Oxygen to Pvt hospital is govt job...is someone setup hospital he should insurance availability of basic need of oxygen,en,"[{'screen_name': 'ndtvindia', 'name': 'ndtv india', 'id': '321271735'}]",[],[],0,0,0,[],[],https://twitter.com/pankajkumargar1/status/1389792867636236295,False,,0,,Kolkata,,,,,,[],,,,
1389792329976799233,1389791236907683840,2021-05-05 09:31:27 IST,2021-05-05,09:31:27,530,844427136773566464,insidethesghosh,Saradshree Ghosh || ‡¶∏‡¶æ‡¶∞‡¶¶‡¶∂‡ßç‡¶∞‡ßÄ ‡¶ò‡ßã‡¶∑,,@Chandankrishn13 @_TheEnigmous Well there aren't much debates about 1000s of people dying due to lack of Oxygen and Vaccines in India. People dying due to lack of vaccines and O2 is a plain MURDER by GOI.,en,[],[],[],0,0,4,[],[],https://twitter.com/InsideTheSGhosh/status/1389792329976799233,False,,0,,Kolkata,,,,,,"[{'screen_name': 'Chandankrishn13', 'name': 'Chandan K', 'id': '4793935891'}, {'screen_name': '_TheEnigmous', 'name': 'The Enigmous', 'id': '1147364525902970880'}]",,,,
1389791145996156929,1389791145996156929,2021-05-05 09:26:44 IST,2021-05-05,09:26:44,530,1286705535329304576,rezinasultana9,Rezina Sultana,,"yes, @devfadnavis4CM we r ""progressive"" that's why still tolerating the fake video, picture being spreaded by BJP.  Anyway BJP supporters  died due to lack of oxygen in Covid, don't have any sympathy 4 them..This is also state sponsored Murder.",en,"[{'screen_name': 'devfadnavis4cm', 'name': 'dev fadvanis for cm', 'id': '2805720554'}]",[],[],0,0,5,[],[],https://twitter.com/RezinaSultana9/status/1389791145996156929,False,https://twitter.com/Dev_Fadnavis/status/1389609615441076224,0,,Kolkata,,,,,,[],,,,
1389791012709568518,1389791012709568518,2021-05-05 09:26:13 IST,2021-05-05,09:26:13,530,727202416685383681,tanwal_6691,Deepak tanwal,,Lagta hai chai mai OXYGEN k khub kami thi uss samey bhi. #‡§¶‡•á‡§∂_‡§ë‡§ï‡•ç‡§∏‡•Ä‡§ú‡§®_‡§Æ‡§æ‡§Ç‡§ó‡§§‡§æ_‡§π‡•à,tl,[],[],[],0,0,1,['‡§¶‡•á‡§∂_‡§ë‡§ï‡•ç‡§∏‡•Ä‡§ú‡§®_‡§Æ‡§æ‡§Ç‡§ó‡§§‡§æ_‡§π‡•à'],[],https://twitter.com/tanwal_6691/status/1389791012709568518,False,,0,,Kolkata,,,,,,[],,,,
1389790988999139332,1389649410691272707,2021-05-05 09:26:07 IST,2021-05-05,09:26:07,530,1095360576501383168,rajeshroy1929,Rajesh Roy,,@vikasbha Very bad news ! Was the dharna for oxygen ?,en,[],[],[],0,0,1,[],[],https://twitter.com/rajeshroy1929/status/1389790988999139332,False,,0,,Kolkata,,,,,,"[{'screen_name': 'vikasbha', 'name': 'Vikas Bhadauria (ABP News)', 'id': '90672407'}]",,,,
1389790517320327173,1389790517320327173,2021-05-05 09:24:15 IST,2021-05-05,09:24:15,530,1244576055651786758,duniyasidnaazki,SRIJASREE üåª,,ATTENTION ‚ö†Ô∏è   7687048300 - Amit Dey   Location : #Kolkata NORTH   arrangements of Oxygen / Medicines   Have to update through sheet!   *ALL TIME #Verified *  AMPLIFY!!!   #COVIDEmergencyIndia #Covid19IndiaHelp #CovidResources,en,[],[],[],0,21,2,"['kolkata', 'verified', 'covidemergencyindia', 'covid19indiahelp', 'covidresources']",[],https://twitter.com/DuniyaSidNaazKi/status/1389790517320327173,False,,0,,Kolkata,,,,,,[],,,,
1389790197542387716,1389790197542387716,2021-05-05 09:22:58 IST,2021-05-05,09:22:58,530,1307008978807713792,newsredwing,Redwing News,,"Coronavirus India Live Updates: Oxygen shortage still a concern, Centre says augmenting supply from home and¬†abroad  https://t.co/l7Q0Up3yqd",en,[],['https://redwingnews.com/coronavirus-india-live-updates-oxygen-shortage-still-a-concern-centre-says-augmenting-supply-from-home-and-abroad/'],[],0,0,0,[],[],https://twitter.com/NewsRedwing/status/1389790197542387716,False,,0,,Kolkata,,,,,,[],,,,
1389790122611068930,1389790122611068930,2021-05-05 09:22:40 IST,2021-05-05,09:22:40,530,1314199582654435329,imsayantanbasu,Sayantan üí´,,Current situation of our country : 3.5 lakh cases everyday  üëâ Shortage of Oxygen  üëâ Shortage of Vaccine  üëâ Shortage of Medicines   Nation's #COVIDSecondWave disastrous response. Who is responsible ?   #‡§¶‡•á‡§∂_‡§ë‡§ï‡•ç‡§∏‡•Ä‡§ú‡§®_‡§Æ‡§æ‡§Ç‡§ó‡§§‡§æ_‡§π‡•à  https://t.co/NK24VnZt0o,en,[],[],['https://pbs.twimg.com/media/E0mGvJUUYAAuQkT.jpg'],0,0,2,"['covidsecondwave', '‡§¶‡•á‡§∂_‡§ë‡§ï‡•ç‡§∏‡•Ä‡§ú‡§®_‡§Æ‡§æ‡§Ç‡§ó‡§§‡§æ_‡§π‡•à']",[],https://twitter.com/imSayantanBasu/status/1389790122611068930,False,,1,https://pbs.twimg.com/media/E0mGvJUUYAAuQkT.jpg,Kolkata,,,,,,[],,,,
1389790022694367232,1389790022694367232,2021-05-05 09:22:17 IST,2021-05-05,09:22:17,530,1189576777993113600,somjit_dutta,Somjit Dutta,,@abhishekaitc congrats again . I would like to seek an appointment for creating an echo system of Oxygen supply in immidiete basis in Hooghly district,en,[],[],[],0,0,0,[],[],https://twitter.com/somjit_dutta/status/1389790022694367232,False,,0,,Kolkata,,,,,,[],,,,
1389789445155659776,1389789445155659776,2021-05-05 09:19:59 IST,2021-05-05,09:19:59,530,244471606,abhijit569,Abhijit Ghoshal,,"There is a critical situation across the country, lack of oxygen, vaccine, hospitals etc. ‡¶™‡ßç‡¶∞‡¶ß‡¶æ‡¶®‡¶Æ‡¶®‡ßç‡¶§‡ßç‡¶∞‡ßÄ ‡¶ï‡¶ø (cont)  https://t.co/8lm0rDwlSL",en,[],['https://tl.gd/n_1srmbut'],[],0,0,0,[],[],https://twitter.com/abhijit569/status/1389789445155659776,False,,0,,Kolkata,,,,,,[],,,,
1389787282182316036,1389787282182316036,2021-05-05 09:11:23 IST,2021-05-05,09:11:23,530,1012224516435480578,pranabc74013869,Pranab Chakrabortty,,"We want oxygen, vaccines not a megalomaniac's 'vanity fair'.  Modi vaccines do or resign to ... Recollect your promises .  https://t.co/nmY3rdKQDD",en,[],[],['https://pbs.twimg.com/media/E0mEKnDUcAAbXb7.jpg'],0,0,0,[],[],https://twitter.com/PranabC74013869/status/1389787282182316036,False,,1,https://pbs.twimg.com/media/E0mEKnDUcAAbXb7.jpg,Kolkata,,,,,,[],,,,
1389785973312016386,1389785973312016386,2021-05-05 09:06:11 IST,2021-05-05,09:06:11,530,1388733066508599300,shreyap49025297,Shreya Paul,,Around 6 lakhs students demands cancel 12th WB board exam.Agar center hi covid hotspot ban gaya to app kaha se layenge itni oxygen. I think India mai itni oxygen nhi hongi or students ki jan hai to uski zimedari kon lega? #cancel12thwbboardexams2021  @SupremeCourtIND @abpanandatv,en,"[{'screen_name': 'supremecourtind', 'name': 'supreme court india', 'id': '2881927255'}, {'screen_name': 'abpanandatv', 'name': 'abp ananda', 'id': '594676291'}]",[],[],0,1,1,['cancel12thwbboardexams2021'],[],https://twitter.com/ShreyaP49025297/status/1389785973312016386,False,,0,,Kolkata,,,,,,[],,,,
1389785558486949892,1389785558486949892,2021-05-05 09:04:32 IST,2021-05-05,09:04:32,530,1085456376,coolpatrox,Gaurab Patra,,I want to ask those people who have  donated 10K litres of #Oxygen by click of a button (Including me) on @CRED_club are actually getting 100Litres of Oxygen when they themselves are in need.  #COVID19India #IndiaFightsCOVID19,en,"[{'screen_name': 'cred_club', 'name': 'cred', 'id': '1027264470370770945'}]",[],[],0,0,1,"['oxygen', 'covid19india', 'indiafightscovid19']",[],https://twitter.com/coolpatrox/status/1389785558486949892,False,,0,,Kolkata,,,,,,[],,,,
1389783653840949252,1389783653840949252,2021-05-05 08:56:58 IST,2021-05-05,08:56:58,530,136177545,da_boy_n_da_box,Aniruddha Sarkar,,Need an oxygen bed for a covid positive patient in kolkata. Age - 46. SPO2 level dropping to 78. Any verified leads..? Plz amplify. #COVIDEmergency #CovidResources #KolkataCovid #SOSIYC #COVID19India #soskolkata,en,[],[],[],3,1,0,"['covidemergency', 'covidresources', 'kolkatacovid', 'sosiyc', 'covid19india', 'soskolkata']",[],https://twitter.com/da_boy_n_da_box/status/1389783653840949252,False,,0,,Kolkata,,,,,,[],,,,
1389780895532404739,1389549183523250184,2021-05-05 08:46:01 IST,2021-05-05,08:46:01,530,2455251564,pawan_bihani,üáÆüá≥Pawan BihaniüáÆüá≥,,"@mickysood @abhimanyukalra @PunyaPrakop_ It takes time to change,some require more than 303 seats. To change the constitution you need 2/3rd majority in RS.They have an ecosystem built over several decades. One mistake &amp; opposition will burn the country. Modi is gradually choking their oxygen supply, hv patience n faith",en,[],[],[],1,0,1,[],[],https://twitter.com/pawan_bihani/status/1389780895532404739,False,,0,,Kolkata,,,,,,"[{'screen_name': 'mickysood', 'name': 'Bassist ‡§ö‡§ø‡§§‡•ç‡§∞‡§ï‡§æ‡§∞ üö©', 'id': '401507052'}, {'screen_name': 'abhimanyukalra', 'name': 'abhimanyu kalra', 'id': '39282158'}, {'screen_name': 'PunyaPrakop_', 'name': 'Utpal ‡™™‡™æ‡™†‡™ï ‡Æâ‡Æ§‡Øç‡Æ™‡Æ≤‡Øç ‡Æ™‡Ææ‡Æü‡Øç‡Æü‡Æï‡Øç üáÆüá≥', 'id': '837969967521857536'}]",,,,
1389778814394257414,1389602127366946818,2021-05-05 08:37:44 IST,2021-05-05,08:37:44,530,67004239,d_reinehrtz,D Reinehrtz,,@iRaviTiwari The vendetta of calling bengal pakistan speaks the mindset of what the northern Indian bjp ppl carry in their minds . Sad there are two parts of a story u did show the tails part also show the head part of the coin. Bhalo takben :) oxygen niye kotha bolle bhalo hoto rather party,en,[],[],[],0,0,0,[],[],https://twitter.com/D_Reinehrtz/status/1389778814394257414,False,,0,,Kolkata,,,,,,"[{'screen_name': 'iRaviTiwari', 'name': 'Ravi Tiwari Bihari (Tweet Me All Covid Emergency )', 'id': '283880163'}]",,,,
1389777114031804425,1389614323866116096,2021-05-05 08:30:59 IST,2021-05-05,08:30:59,530,947258545,moonmoo83407908,moonmoon,,@mithun_da_ Kitna jhut bologe...ap k party k log to khud hi dusro ko mar rahe hai..afwa mat phellao yaar.. arrange oxygen and other medical equipment for the needy.. warna ap bhi kab corona se tapak jaoge pata tak nahi chalega.. chaplushi band kijiye,tl,[],[],[],0,0,0,[],[],https://twitter.com/moonmoo83407908/status/1389777114031804425,False,,0,,Kolkata,,,,,,"[{'screen_name': 'mithun_da_', 'name': 'Mithun Chakraborty', 'id': '1281894502274265089'}]",,,,
1389775145774895104,1389478063386218502,2021-05-05 08:23:10 IST,2021-05-05,08:23:10,530,1351327474970333187,romi26675290,Oxygen,,@Tris_0580 ‡§ï‡§ø‡§∏ ‡§π‡§ï ‡§∏‡•á ? ‡§µ‡•ã‡§ü ‡§ï‡§æ ‡§∏‡§π‡•Ä ‡§â‡§™‡§Ø‡•ã‡§ó ‡§ï‡§ø‡§Ø‡§æ ‡§π‡•ã‡§§‡§æ ‡§§‡•ã ‡§Ø‡•á ‡§®‡•å‡§¨‡§§ ‡§®‡§π‡•Ä‡§Ç ‡§Ü‡§§‡•Ä‡•§ üò° Now wait 5 yearüò®,hi,[],[],[],0,0,0,[],[],https://twitter.com/Romi26675290/status/1389775145774895104,False,,0,,Kolkata,,,,,,"[{'screen_name': 'Tris_0580', 'name': '‡§§‡•ç‡§∞‡§ø‡§∂‡§æ ‡§™‡§æ‡§Ç‡§°‡•á‡§Ø üö©üö©üïâÔ∏èüìø', 'id': '1355790156574298112'}]",,,,
1389774098364915714,1389774098364915714,2021-05-05 08:19:00 IST,2021-05-05,08:19:00,530,1389182272432009218,sahebmalik7861,saheb Malik 786,,Takla have a solution in place of nitrogen replaced the sticker with oxygen üò¨  https://t.co/nFYFoWiZHa,en,[],[],['https://pbs.twimg.com/media/E0l4K1dWUAEtmM7.jpg'],0,0,0,[],[],https://twitter.com/sahebMalik7861/status/1389774098364915714,False,,1,https://pbs.twimg.com/media/E0l4K1dWUAEtmM7.jpg,Kolkata,,,,,,[],,,,
1389773093019717637,1389773093019717637,2021-05-05 08:15:00 IST,2021-05-05,08:15:00,530,208128234,sreesantanu,SANTANU BANDYOPADHYA,,"Death of Covid patients for non-supply of oxygen, not less than genocide: Allahabad¬†HC  https://t.co/SuiHkTAW1i",en,[],['https://khaboreprakash.com/?p=50479'],[],0,0,0,[],[],https://twitter.com/SREESANTANU/status/1389773093019717637,False,,0,,Kolkata,,,,,,[],,,,
1389772834486898689,1389771531618721796,2021-05-05 08:13:59 IST,2021-05-05,08:13:59,530,1351327474970333187,romi26675290,Oxygen,,@luckyschawla  https://t.co/MpccEUvdpj,und,[],[],['https://pbs.twimg.com/media/E0l3BuRVcAA6INu.jpg'],0,0,0,[],[],https://twitter.com/Romi26675290/status/1389772834486898689,False,,1,https://pbs.twimg.com/media/E0l3BuRVcAA6INu.jpg,Kolkata,,,,,,[],,,,
1389772187419090948,1389770519147278337,2021-05-05 08:11:24 IST,2021-05-05,08:11:24,530,855248475616944130,princessphinx,Akanksha Gupta,,@taapsee Ma'am i know that u r doing ur best to help people but too many reports of scams are coming. They taking money and not not giving oxygen or they jst calling the girl number to harass her.  We need to get the numbers of legit oxygen cylinder suppliers from every area.,en,[],[],[],1,0,0,[],[],https://twitter.com/PrincessPhinx/status/1389772187419090948,False,,0,,Kolkata,,,,,,"[{'screen_name': 'taapsee', 'name': 'taapsee pannu', 'id': '132992534'}]",,,,
1389769313872138240,1389769313872138240,2021-05-05 07:59:59 IST,2021-05-05,07:59:59,530,208128234,sreesantanu,SANTANU BANDYOPADHYA,,"Death of Covid-19 Patients Due to Lack of Oxygen ‚ÄòNo Less Than Genocide‚Äô, Says Allahabad¬†HC  https://t.co/VN4uiwk5bB",en,[],['https://khaboreprakash.com/?p=50472'],[],0,0,0,[],[],https://twitter.com/SREESANTANU/status/1389769313872138240,False,,0,,Kolkata,,,,,,[],,,,
1389768817920790528,1389766360217968640,2021-05-05 07:58:01 IST,2021-05-05,07:58:01,530,756784972304756736,ad1india,Atanu Das,,@timesofindia Delhi high court judges are thinking about Delhi only. The rest of India needs oxygen too.,en,[],[],[],1,0,6,[],[],https://twitter.com/AD1India/status/1389768817920790528,False,,0,,Kolkata,,,,,,"[{'screen_name': 'timesofindia', 'name': 'The Times Of India', 'id': '134758540'}]",,,,
1389767031788949509,1389661903379525634,2021-05-05 07:50:55 IST,2021-05-05,07:50:55,530,1351327474970333187,romi26675290,Oxygen,,@AcharyaPramodk ü¶†ü¶†ü¶†  https://t.co/gQk3oxOWnS,und,[],[],[],0,0,2,[],[],https://twitter.com/Romi26675290/status/1389767031788949509,False,,1,https://pbs.twimg.com/ext_tw_video_thumb/1389764346398445571/pu/img/aa9SAZ9kycVxCUzx.jpg,Kolkata,,,,,,"[{'screen_name': 'AcharyaPramodk', 'name': 'Acharya Pramod', 'id': '2583217418'}]",,,,
1389766701273681922,1389544446111322114,2021-05-05 07:49:36 IST,2021-05-05,07:49:36,530,1351327474970333187,romi26675290,Oxygen,,"@olahuuberhu @b2_sandeep @mschoudharyjpr @sandeepsharmajs @RajathakurRaja5 @badal_saraswat @Sabhapa30724463 ‡§∏‡§π‡•Ä ‡§π‡•à ‡§Ö‡§ß‡§ø‡§ï‡§§‡§∞ ‡§π‡§ø‡§®‡•ç‡§¶‡•Å ""Âçê"" ‡§ï‡•ã ‡§µ‡•ã‡§ü ‡§¶‡•á‡§Ç‡§ó‡•á ‡§®‡§π‡•Ä‡§Ç ‡§î‡§∞ ‡§ú‡§¨ * ‡§¶‡•ç‡§µ‡§æ‡§∞‡§æ ‡§™‡•á‡§≤‡•á ‡§ú‡§æ‡§§‡•á ‡§π‡•à ‡§§‡•ã Âçê ‡§∏‡•á ‡§â‡§Æ‡•ç‡§Æ‡•Ä‡§¶ ‡§∞‡§ñ‡§§‡•á ‡§π‡•à‡§Ç ‡§î‡§∞ Âçê ‡§ï‡§æ ‡§π‡•Ä ‡§µ‡§ø‡§∞‡•ã‡§ß ‡§ï‡§∞‡§§‡•á ‡§π‡•à‡§Ç üê∑",hi,[],[],[],0,0,1,[],[],https://twitter.com/Romi26675290/status/1389766701273681922,False,,0,,Kolkata,,,,,,"[{'screen_name': 'olahuuberhu', 'name': '‡§ü‡•ç‡§µ‡§ø‡§ü‡§∞ ‡§ï‡§æ ‡§∏‡§¨‡§∏‡•á ‡§¨‡§°‡§º‡§æ ‡§∏‡•Å‡§™‡§∞‡§∏‡•ç‡§ü‡§æ‡§∞', 'id': '1232328151046533121'}, {'screen_name': 'b2_sandeep', 'name': '‡§∏‡§Ç‡§¶‡•Ä‡§™ ‡§∏‡§ø‡§Ç‡§π ‡§Æ‡§æ‡§® (‡§ñ‡§æ‡§≤‡§∏‡§æ)', 'id': '873021259214450688'}, {'screen_name': 'mschoudharyjpr', 'name': '‡§ö‡•å‡§ß‡§∞‡•Ä ‡§∏‡§æ‡§π‡§¨..‚úçÔ∏è (‡§≠‡§ó‡§µ‡§æ ‡§∂‡•á‡§∞ üòπ ) üö©', 'id': '1944384313'}, {'screen_name': 'sandeepsharmajs', 'name': '‡§∏‡§Ç‡§¶‡•Ä‡§™ ‡§∂‡§∞‡•ç‡§Æ‡§æ', 'id': '1261507495731716096'}, {'screen_name': 'RajathakurRaja5', 'name': '‡§∞‡§æ‡§ú‡§æ ‡§∏‡§ø‡§Ç‡§π ‡§∏‡§ø‡§∏‡•å‡§¶‡§ø‡§Ø‡§æ #3‡§π üëâ‡§µ‡•Ä‡§∞ ‡§≠‡•ã‡§ó‡•ç‡§Ø‡§æ ‡§µ‡§∏‡•Å‡§Ç‡§ß‡§∞‡§æ üö©', 'id': '1238392082730848257'}, {'screen_name': 'badal_saraswat', 'name': 'Badal  Saraswat', 'id': '726827404652584961'}, {'screen_name': 'Sabhapa30724463', 'name': '‡§∏‡§≠‡§æ‡§™‡§§‡§ø ‡§Æ‡§ø‡§∂‡•ç‡§∞', 'id': '1257140128298012672'}]",,,,
1389765147124666371,1389576446754971650,2021-05-05 07:43:26 IST,2021-05-05,07:43:26,530,82565839,manialmal,Mani Almal,,@SwatiJaiHind Generate oxygen? Big joke. Non of Bhakt can do any good for masses. They can do poisonings in which ever field they are.,en,[],[],[],0,0,0,[],[],https://twitter.com/manialmal/status/1389765147124666371,False,,0,,Kolkata,,,,,,"[{'screen_name': 'SwatiJaiHind', 'name': 'Swati Maliwal', 'id': '281902422'}]",,,,
1389764456071065601,1389764456071065601,2021-05-05 07:40:41 IST,2021-05-05,07:40:41,530,36663212,schowdhurie,Sunita Chowdhurie,,"@LiveLawIndia Breaking: ""Non Supplying Of Oxygen To Hospitals Is Criminal Act Not Less Than Genocide By Authorities : Allahabad High Court",en,[],[],[],0,0,0,[],[],https://twitter.com/SChowdhurie/status/1389764456071065601,False,,0,,Kolkata,,,,,,[],,,,
1389761483295248391,1389761483295248391,2021-05-05 07:28:52 IST,2021-05-05,07:28:52,530,258263465,bikuengr,Bikash #DheetSidNaazShipper,,"#COVIDEmergencyIndia  #COVIDEmergency2021  #Verified by source on 5/5/21, 01:31 AM  01204723333 - Le Crest hospital Ghaziabad,  Oxygen beds available  #UttarPradesh #BedsAvailable #Beds #CovidHelp #Covid19IndiaHelp #CovidResources #CovidSOS #OxygenBeds #DelhiNCR",en,[],[],[],0,34,9,"['covidemergencyindia', 'covidemergency2021', 'verified', 'uttarpradesh', 'bedsavailable', 'beds', 'covidhelp', 'covid19indiahelp', 'covidresources', 'covidsos', 'oxygenbeds', 'delhincr']",[],https://twitter.com/Bikuengr/status/1389761483295248391,False,,0,,Kolkata,,,,,,[],,,,
1389760217043193859,1389599873641508872,2021-05-05 07:23:50 IST,2021-05-05,07:23:50,530,1351327474970333187,romi26675290,Oxygen,,@rajamaka @Chatterj1Asking @Twitter @TwitterIndia @KapilMishra_IND @TajinderBagga @MODIfiedVikas @ManMundra @Rajput_Ramesh @thakkar_sameet @VertigoWarrior @ajit_dovalfan @jyotimishra999 @hiteshj05312258 @Ekta0001 @Reeema_kaur @iNishant4 @impuni @iSuyashPandey üá≥üáµ‡§π‡§ø‡§®‡•ç‡§¶‡•Ç‡§ì‡§Ç ‡§®‡•á ‡§∂‡§ø‡§µ‡§∏‡•á‡§®‡§æ ‡§ï‡•á ‡§ï‡•å‡§® ‡§∏‡•á ‡§®‡•Ä‡§Ç‡§¨‡•Ç ‡§®‡§ø‡§ö‡•ã‡§°‡§º ‡§¶‡§ø‡§Ø‡•á ‡§ú‡§ø‡§∏‡§∏‡•á ‡§ï‡§ø ‡§∂‡§ø‡§µ‡§∏‡•á‡§®‡§æ ‡§π‡§ø‡§®‡•ç‡§¶‡•Ç‡§ì‡§Ç ‡§ï‡•ã ‡§ò‡•É‡§£‡§ø‡§§ ‡§î‡§∞ ‡§∂‡§§‡•ç‡§∞‡•Å‡§§‡§æ ‡§ï‡•Ä ‡§®‡§ú‡§∞ ‡§∏‡•á ‡§¶‡•á‡§ñ‡§®‡•á ‡§≤‡§ó‡§æ ‡§π‡•à‡•§üßê,hi,[],[],[],0,0,0,[],[],https://twitter.com/Romi26675290/status/1389760217043193859,False,,0,,Kolkata,,,,,,"[{'screen_name': 'rajamaka', 'name': 'Bharat Sanghvi (Jain) #JaiJinendra', 'id': '2301367136'}, {'screen_name': 'Chatterj1Asking', 'name': 'Riniti Chatterjee', 'id': '744496193733013504'}, {'screen_name': 'Twitter', 'name': 'Twitter', 'id': '783214'}, {'screen_name': 'TwitterIndia', 'name': 'Twitter India', 'id': '103770785'}, {'screen_name': 'KapilMishra_IND', 'name': 'Kapil Mishra', 'id': '31656892'}, {'screen_name': 'TajinderBagga', 'name': 'Tajinder Pal Singh Bagga', 'id': '85462891'}, {'screen_name': 'MODIfiedVikas', 'name': '‡§µ‡§ø‡§ï‡§æ‡§∏ ‡§™‡§æ‡§Ç‡§°‡•á‡§Ø', 'id': '74689776'}, {'screen_name': 'ManMundra', 'name': 'Manish Mundra', 'id': '22355311'}, {'screen_name': 'Rajput_Ramesh', 'name': 'Ramesh Solanki', 'id': '87643561'}, {'screen_name': 'thakkar_sameet', 'name': 'Sameet Thakkar', 'id': '2436879248'}, {'screen_name': 'VertigoWarrior', 'name': 'Vertigo_Warrior', 'id': '1102881990703898624'}, {'screen_name': 'ajit_dovalfan', 'name': 'Ajit Doval', 'id': '1281486259022475264'}, {'screen_name': 'jyotimishra999', 'name': 'Jyoti Mishra (IndiaTv)', 'id': '3042461574'}, {'screen_name': 'hiteshj05312258', 'name': 'hitesh jain', 'id': '1388100622763896836'}, {'screen_name': 'Ekta0001', 'name': '‡§è‡§ï‡§§‡§æ üáÆüá≥', 'id': '892085243360030720'}, {'screen_name': 'Reeema_kaur', 'name': 'Reema Kaur Ahluwaliaüö©‚ò¨', 'id': '974989441466060800'}, {'screen_name': 'iNishant4', 'name': 'NishantüáÆüá≥', 'id': '759403320'}, {'screen_name': 'impuni', 'name': 'Punita Toraskar üáÆüá≥‚õ≥Ô∏è', 'id': '109154340'}, {'screen_name': 'iSuyashPandey', 'name': 'Suyash Pandey', 'id': '2922983010'}]",,,,
1389758456740171779,1389758456740171779,2021-05-05 07:16:51 IST,2021-05-05,07:16:51,530,208128234,sreesantanu,SANTANU BANDYOPADHYA,,"High Court ‡§ï‡•Ä ‡§∏‡§ñ‡•ç‡§§ ‡§´‡§ü‡§ï‡§æ‡§∞, ‡§ï‡§π‡§æ- Oxygen ‡§ï‡•Ä ‡§ï‡§Æ‡•Ä ‡§∏‡•á ‡§Æ‡•å‡§§ ‡§®‡§∞‡§∏‡§Ç‡§π‡§æ‡§∞ ‡§ï‡•á¬†‡§¨‡§∞‡§æ‡§¨‡§∞  https://t.co/xo5h4FHxld",hi,[],['https://khaboreprakash.com/?p=50456'],[],0,0,0,[],[],https://twitter.com/SREESANTANU/status/1389758456740171779,False,,0,,Kolkata,,,,,,[],,,,
1389755491148959744,1389581937107365894,2021-05-05 07:05:04 IST,2021-05-05,07:05:04,530,1313500263433592833,tanmoyb67258251,Tanmoy Biswas,,"@RezinaSultana9 After Covid Failures, Oxygen Crisis, Bengal Election, Vaccination Disaster and UP Panchayat Election Defeat, Something has to be done. Now it is trying to do that.",en,[],[],[],0,0,0,[],[],https://twitter.com/TanmoyB67258251/status/1389755491148959744,False,,0,,Kolkata,,,,,,"[{'screen_name': 'RezinaSultana9', 'name': 'Rezina Sultana', 'id': '1286705535329304576'}]",,,,
1389754493550616585,1389754493550616585,2021-05-05 07:01:06 IST,2021-05-05,07:01:06,530,208128234,sreesantanu,SANTANU BANDYOPADHYA,,"Delhi to Receive 244 Tonnes of Oxygen Tomorrow, DRDO to Set Up Five Plants in Capital by¬†Weekend  https://t.co/tb7vMYOea1",en,[],['https://khaboreprakash.com/?p=50452'],[],0,0,0,[],[],https://twitter.com/SREESANTANU/status/1389754493550616585,False,,0,,Kolkata,,,,,,[],,,,
1389749509807239169,1389749509807239169,2021-05-05 06:41:18 IST,2021-05-05,06:41:18,530,56343974,annujal,"Annu Jalais, PhD",,"Jacinda Ardern shouldn't have apologised.. thousands are dying for lack of oxygen &amp; the Govt wants you to use ""proper channels"" - really?? What stings the BJP is that the youth Congress are on the ground, doing the job of the Govt  https://t.co/qbN1kLXojn",en,[],['https://www.telegraphindia.com/india/jaishankar-never-too-late-to-learn-from-jacinda-ardern/cid/1814501#'],[],0,1,12,[],[],https://twitter.com/AnnuJal/status/1389749509807239169,False,,0,,Kolkata,,,,,,[],,,,
1389749241501810690,1389749241501810690,2021-05-05 06:40:14 IST,2021-05-05,06:40:14,530,1319689928179998722,sheikhsabeer26,Sheikh Mohammad Sabeer,,Big Breaking : Allahabad High Court says Death of Patients For Non Supplying of Oxygen to Hospitals Is not less Than a Genocide.,en,[],[],[],0,0,1,[],[],https://twitter.com/sheikhsabeer26/status/1389749241501810690,False,,0,,Kolkata,,,,,,[],,,,
1389747419395489793,1389601267983421440,2021-05-05 06:32:59 IST,2021-05-05,06:32:59,530,911926880214724613,diwakar54385725,diwakar singh,,@PiyushGoyal Sir the day you will provide 700 MT oxygen to Delhi I personally offer laddu to Hanuman Ji for your well being. Until then everything is OPTICS.,en,[],[],[],1,0,0,[],[],https://twitter.com/diwakar54385725/status/1389747419395489793,False,,0,,Kolkata,,,,,,"[{'screen_name': 'PiyushGoyal', 'name': 'Piyush Goyal', 'id': '1324334436'}]",,,,
1389746176644116482,1389581448521289730,2021-05-05 06:28:03 IST,2021-05-05,06:28:03,530,911926880214724613,diwakar54385725,diwakar singh,,"@NikhilJ76624589 @thevirdas I live in Bengal, voted for BJP(which now I regret). Whatever happening in Bengal in nothing compared to thousands of people dying daily without oxygen. Only centre has responsibility to provide oxygen, Delhi is non industrial state, All centre has done is playing politics SHAME",en,[],[],[],0,0,0,[],[],https://twitter.com/diwakar54385725/status/1389746176644116482,False,,0,,Kolkata,,,,,,"[{'screen_name': 'NikhilJ76624589', 'name': 'NikhilJain(‡§®‡§ø‡§ñ‡§ø‡§≤ ‡§ú‡•à‡§®)', 'id': '1028517181397422082'}, {'screen_name': 'thevirdas', 'name': 'Vir Das', 'id': '108252113'}]",,,,
1389734232436744196,1389734232436744196,2021-05-05 05:40:35 IST,2021-05-05,05:40:35,530,772693965627797504,toikolkata,TOI Kolkata,,"Med supply improves, oxygen still hard to get  https://t.co/muB8YINlTy",en,[],['http://toi.in/0WamJb'],[],0,0,0,[],[],https://twitter.com/TOIKolkata/status/1389734232436744196,False,,0,,Kolkata,,,,,,[],,,,
1389721439205429250,1389721439205429250,2021-05-05 04:49:45 IST,2021-05-05,04:49:45,530,126789188,niladrinr,NILADRI ROY,,"@philipsindia my mother is a comorbidity patient suffering by sugar and pressure and several other diseases.Please help me to get a Oxygen concentrator.She has not very good oxygen lvl also.please help me.I am from West Bengal,Kolkata.ph-8420014019.mail-Niladri.Roy.blue@gmail.com",en,[],[],[],0,0,0,[],[],https://twitter.com/niladrinr/status/1389721439205429250,False,,0,,Kolkata,,,,,,[],,,,
1389716731606691841,1389669327553454080,2021-05-05 04:31:03 IST,2021-05-05,04:31:03,530,2882462731,noor_ahtasham,Ahtasham noor,,"@Nandinidh11 Aryan oxygen - 9007427926, 9748613508 ( 24x7)",en,[],[],[],1,0,0,[],[],https://twitter.com/noor_ahtasham/status/1389716731606691841,False,,0,,Kolkata,,,,,,"[{'screen_name': 'Nandinidh11', 'name': 'Nandini', 'id': '1261249258478383111'}]",,,,
1389714585670782976,1389714585670782976,2021-05-05 04:22:31 IST,2021-05-05,04:22:31,530,208128234,sreesantanu,SANTANU BANDYOPADHYA,,"Installation of Oxygen Plants at AIIMS, RML Hospital to Be Completed by Tonight, Supply to Begin from¬†Tomorrow  https://t.co/usXIwnVHWh",en,[],['https://khaboreprakash.com/?p=50429'],[],0,0,0,[],[],https://twitter.com/SREESANTANU/status/1389714585670782976,False,,0,,Kolkata,,,,,,[],,,,
1389713488801452033,1389164816451969026,2021-05-05 04:18:10 IST,2021-05-05,04:18:10,530,768896696172457984,mdimtiy67617780,oxygen do O modi O oxygen do,,@ShkMahraAlmakto Nice lovely,en,[],[],[],0,0,0,[],[],https://twitter.com/MdImtiy67617780/status/1389713488801452033,False,,0,,Kolkata,,,,,,"[{'screen_name': 'ShkMahraAlmakto', 'name': 'Sheikha Mahra Bint Al Maktoum', 'id': '1245347842673213440'}]",,,,
1389707721688104970,1389557984351514630,2021-05-05 03:55:15 IST,2021-05-05,03:55:15,530,1055358085504495617,iqbal61602802,indian ..,,@JPNadda U don't hide .... Death due to shortage of oxygen .. Jobless India due to failure of central government... Chowki dar chor ha....bajao tali ..  https://t.co/gKQdKyQOwK,en,[],[],['https://pbs.twimg.com/media/E0k7y-CXIAQccSw.jpg'],0,0,0,[],[],https://twitter.com/Iqbal61602802/status/1389707721688104970,False,,1,https://pbs.twimg.com/media/E0k7y-CXIAQccSw.jpg,Kolkata,,,,,,"[{'screen_name': 'JPNadda', 'name': 'Jagat Prakash Nadda', 'id': '2990611686'}]",,,,
1389706853056237572,1389638470352596992,2021-05-05 03:51:47 IST,2021-05-05,03:51:47,530,1351327474970333187,romi26675290,Oxygen,,@SanjayAzadSln @AamAadmiParty  https://t.co/65YE91NB9D,und,[],[],['https://pbs.twimg.com/media/E0k7AKdVcAQ2QvG.jpg'],0,0,0,[],[],https://twitter.com/Romi26675290/status/1389706853056237572,False,,1,https://pbs.twimg.com/media/E0k7AKdVcAQ2QvG.jpg,Kolkata,,,,,,"[{'screen_name': 'SanjayAzadSln', 'name': 'Sanjay Singh AAP', 'id': '328941811'}]",,,,
1389705373632778240,1389525692644085769,2021-05-05 03:45:55 IST,2021-05-05,03:45:55,530,1351327474970333187,romi26675290,Oxygen,,"@BefittingCarvan ‡§á‡§®‡•ç‡§π‡•á ‡§Æ‡§§ ‡§ò‡§∏‡•Ä‡§ü‡•ã üò°Diplomatic Relation ‡§ï‡§æ ‡§ñ‡§Ø‡§æ‡§≤ ‡§∞‡§ñ‡•ã ‡§ï‡•Å‡§õ ‡§™‡§§‡§æ ‡§π‡•à ‡§¨‡§æ‡§Ç‡§ó‡§≤‡§æ ‡§¶‡•á‡§∂ ‡§ï‡•á ‡§µ‡§ø‡§ï‡§æ‡§∏ ‡§Æ‡•á‡§Ç ‡§á‡§®‡§ï‡§æ ‡§ï‡§ø‡§§‡§®‡§æ ‡§¨‡§°‡§º‡§æ ‡§Ø‡•ã‡§ó‡§¶‡§æ‡§® ‡§π‡•à,‡§ï‡•Å‡§õ ‡§π‡•Ä ‡§∏‡§Æ‡§Ø ‡§Æ‡•á‡§Ç ‡§¨‡§Ç‡§ó‡§æ‡§≤ ‡§®‡•á ‡§ï‡§ø‡§§‡§®‡•Ä ‡§§‡§∞‡§ï‡•ç‡§ï‡•Ä ‡§ï‡•Ä ‡§π‡•à ‡§Ö‡§ï‡•á‡§≤‡•Ä ‡§ê‡§∏‡•Ä ‡§Æ‡§π‡§ø‡§≤‡§æ ‡§π‡•à‡§Ç ‡§ú‡•ã ‡§ï‡§ü‡§ü‡§∞‡§µ‡§æ‡§¶ ‡§∏‡•á ‡§™‡§Ç‡§ó‡§æ ‡§≤‡•á‡§ï‡§∞ ‡§¶‡•á‡§∂ ‡§ï‡•ã ‡§µ‡§ø‡§ï‡§æ‡§∏ ‡§ï‡•á ‡§™‡§• ‡§™‡§∞ ‡§≤‡•á ‡§ú‡§æ‡§®‡•á ‡§ï‡•Ä ‡§ì‡§∞ ‡§Ö‡§ó‡•ç‡§∞‡§∏‡§∞ ‡§π‡•à,‡§≠‡§æ‡§∞‡§§ ‡§ï‡•ã ‡§á‡§®‡§∏‡•á ‡§∏‡•Ä‡§ñ ‡§≤‡•á‡§®‡•á ‡§ï‡•Ä ‡§Ü‡§µ‡§∂‡•ç‡§Ø‡§ï‡§§‡§æ ‡§π‡•à",hi,[],[],[],0,0,0,[],[],https://twitter.com/Romi26675290/status/1389705373632778240,False,,0,,Kolkata,,,,,,"[{'screen_name': 'BefittingCarvan', 'name': 'Befitting Carvan Hu BC', 'id': '1074590334632509441'}]",,,,
1389703853117902849,1389703853117902849,2021-05-05 03:39:52 IST,2021-05-05,03:39:52,530,723859666694873088,drsabirsyed,DrSyed Md Sabir,,Be a true nationalist by supplying oxygen to the dying patients.  #‡§¶‡•á‡§∂_‡§ë‡§ï‡•ç‡§∏‡•Ä‡§ú‡§®_‡§Æ‡§æ‡§Ç‡§ó‡§§‡§æ_‡§π‡•à  https://t.co/VHNB8g3gzV,en,[],[],['https://pbs.twimg.com/media/E0k4R8XXsAQF-3U.jpg'],2,9,10,['‡§¶‡•á‡§∂_‡§ë‡§ï‡•ç‡§∏‡•Ä‡§ú‡§®_‡§Æ‡§æ‡§Ç‡§ó‡§§‡§æ_‡§π‡•à'],[],https://twitter.com/drsabirsyed/status/1389703853117902849,False,,1,https://pbs.twimg.com/media/E0k4R8XXsAQF-3U.jpg,Kolkata,,,,,,[],,,,
1389703178459832321,1389703178459832321,2021-05-05 03:37:11 IST,2021-05-05,03:37:11,530,723859666694873088,drsabirsyed,DrSyed Md Sabir,,Provide oxygen. Stop the death march.  #‡§¶‡•á‡§∂_‡§ë‡§ï‡•ç‡§∏‡•Ä‡§ú‡§®_‡§Æ‡§æ‡§Ç‡§ó‡§§‡§æ_‡§π‡•à  https://t.co/Ec4QCkFXto,en,[],[],['https://pbs.twimg.com/media/E0k3q8LX0AMWHIr.jpg'],0,11,13,['‡§¶‡•á‡§∂_‡§ë‡§ï‡•ç‡§∏‡•Ä‡§ú‡§®_‡§Æ‡§æ‡§Ç‡§ó‡§§‡§æ_‡§π‡•à'],[],https://twitter.com/drsabirsyed/status/1389703178459832321,False,,1,https://pbs.twimg.com/media/E0k3q8LX0AMWHIr.jpg,Kolkata,,,,,,[],,,,
1389702712812396546,1389702712812396546,2021-05-05 03:35:20 IST,2021-05-05,03:35:20,530,723859666694873088,drsabirsyed,DrSyed Md Sabir,,Asking for oxygen in social media is not a crime!  #‡§¶‡•á‡§∂_‡§ë‡§ï‡•ç‡§∏‡•Ä‡§ú‡§®_‡§Æ‡§æ‡§Ç‡§ó‡§§‡§æ_‡§π‡•à  https://t.co/qXTsNiscBe,en,[],[],"['https://pbs.twimg.com/media/E0k3PGaWUAIwfkO.jpg', 'https://pbs.twimg.com/media/E0k3PpXWEAIAGzZ.jpg']",0,10,11,['‡§¶‡•á‡§∂_‡§ë‡§ï‡•ç‡§∏‡•Ä‡§ú‡§®_‡§Æ‡§æ‡§Ç‡§ó‡§§‡§æ_‡§π‡•à'],[],https://twitter.com/drsabirsyed/status/1389702712812396546,False,,1,https://pbs.twimg.com/media/E0k3PGaWUAIwfkO.jpg,Kolkata,,,,,,[],,,,
1389702711159836674,1389702711159836674,2021-05-05 03:35:20 IST,2021-05-05,03:35:20,530,1062720047389364224,deepankarmukh16,Deepankar Mukherjee,,"#AbhishekBachchan #Bollywood #IndiaFightsCorona  #SonuSood  my baba is 75yrs old. Covid-19 symptoms. Jharkhand no bed, no oxygen, even ambulance charging 40000 to travel to Kolkata. Want to bring from Ghatsila to Kolkata....I want my baba...plz..üôè",en,[],[],[],0,0,0,"['abhishekbachchan', 'bollywood', 'indiafightscorona', 'sonusood']",[],https://twitter.com/DeepankarMukh16/status/1389702711159836674,False,,0,,Kolkata,,,,,,[],,,,
